Pool,Quelle,Zweck
Q‑Pool,q81(v),"Qualität, Richtung, Länge"
Vektor‑Pool,"ABC_Vektor, OrbitLink, TMP81","Achse, ID, Vektor"
NC‑Pool,"NC, HDF_PATH, CACHE_UPDATE","Standort, Speicher, Routing"
WSAD‑Pool,"WSAD(atom), Station(atom)","W‑S‑A‑D‑Achsen, Bewegungsrichtung"
Orbit‑Pool,"OrbitSync(atom), Z_Axis(atom), V_Axis(atom)","Orbit‑Kraft, Z‑Achse, V‑Achse"
Quelle‑Pool,"DA(atom), NE(atom), BEN(atom), NEU(atom)","Dynamische Quellen, ROM‑Quelle, REAL‑Quelle"
TMP‑Pool,"TMP_Vektor(atom), TMP81(atom)","TMP‑Struktur, TMP‑ID, TMP‑Summe"
REAL‑Pool,"REAL_REASPO_SCAN(), MATRIX_81","Echtzeit‑Scan, Matrix‑Status"
ROOT‑Pool,"ROOT_81(files), SCAN_81()","Root‑Freigabe, Fehlerprüfung, System‑Status"
